program,success,attempts,time_seconds,error_type
bitcount,True,2,74.4,InfiniteLoop
bucketsort,True,1,19.57,WrongOutput
find_first_in_sorted,False,3,105.33,IndexError
find_in_sorted,False,3,35.7,RuntimeError
flatten,True,1,9.81,WrongOutput
gcd,True,1,10.76,RuntimeError
get_factors,False,3,36.7,WrongOutput
hanoi,True,3,37.65,WrongOutput
is_valid_parenthesization,True,2,24.63,WrongOutput
kheapsort,True,1,12.52,WrongOutput
knapsack,False,3,63.38,WrongOutput
kth,True,2,26.51,IndexError
lcs_length,True,1,15.18,WrongOutput
levenshtein,False,3,79.89,WrongOutput
lis,False,3,44.05,RuntimeError
longest_common_subsequence,False,3,48.99,WrongOutput
max_sublist_sum,True,1,13.56,WrongOutput
mergesort,True,1,15.34,RuntimeError
next_palindrome,False,3,52.44,WrongOutput
next_permutation,True,1,14.48,WrongOutput
pascal,True,2,30.41,IndexError
possible_change,True,1,12.41,TypeError
powerset,True,1,11.21,WrongOutput
quicksort,True,1,12.69,WrongOutput
rpn_eval,False,3,46.32,WrongOutput
shunting_yard,False,3,44.55,WrongOutput
sieve,False,3,39.77,WrongOutput
sqrt,False,3,157.31,InfiniteLoop
subsequences,False,3,31.47,WrongOutput
to_base,False,3,25.82,WrongOutput
wrap,False,3,39.21,WrongOutput
