program,success,attempts,time_seconds,error_type,avg_agreement,any_candidate_passed_rate
bitcount,False,3,292.45,InfiniteLoop,0.833,0.0
bucketsort,True,1,15.28,WrongOutput,1.0,1.0
find_first_in_sorted,True,1,58.07,IndexError,0.5,1.0
find_in_sorted,False,3,48.92,RuntimeError,0.667,0.0
flatten,True,1,15.04,WrongOutput,0.0,1.0
gcd,True,1,13.47,RuntimeError,1.0,1.0
get_factors,False,3,64.54,WrongOutput,0.333,0.0
hanoi,True,3,96.81,WrongOutput,1.0,0.333
is_valid_parenthesization,True,2,38.48,WrongOutput,0.75,0.5
kheapsort,True,1,21.19,WrongOutput,0.5,1.0
knapsack,False,3,146.51,WrongOutput,0.833,0.0
kth,True,1,37.1,IndexError,0.0,1.0
lcs_length,True,1,29.41,WrongOutput,0.0,1.0
levenshtein,False,3,471.93,InfiniteLoop,0.5,0.0
lis,False,3,66.51,WrongOutput,0.5,0.0
longest_common_subsequence,False,3,67.25,WrongOutput,0.833,0.0
max_sublist_sum,True,3,56.62,WrongOutput,0.667,0.333
mergesort,True,1,27.81,RuntimeError,1.0,1.0
next_palindrome,False,3,93.25,WrongOutput,0.5,0.0
next_permutation,True,1,25.03,WrongOutput,0.0,1.0
pascal,True,2,68.56,IndexError,0.25,0.5
possible_change,True,1,19.61,TypeError,0.5,1.0
powerset,True,2,32.75,WrongOutput,0.75,0.5
quicksort,True,1,30.56,WrongOutput,0.5,1.0
rpn_eval,True,1,26.89,WrongOutput,1.0,1.0
shunting_yard,False,3,711.86,WrongOutput,0.667,0.0
sieve,True,1,14.34,WrongOutput,1.0,1.0
sqrt,False,3,1343.38,WrongOutput,0.5,0.0
subsequences,False,3,399.29,WrongOutput,1.0,0.0
to_base,True,1,15.44,WrongOutput,0.5,1.0
wrap,True,3,664.86,WrongOutput,0.333,0.333
