program,success,attempts,time_seconds,passed,total
bitcount,True,1,0.92,9,9
bucketsort,True,1,1.31,7,7
find_first_in_sorted,False,1,2.14,6,7
find_in_sorted,True,1,1.91,7,7
flatten,True,1,0.84,7,7
gcd,True,1,0.81,6,6
get_factors,False,1,1.38,2,11
hanoi,False,1,1.91,1,8
is_valid_parenthesization,True,1,1.41,3,3
kheapsort,True,1,1.27,4,4
knapsack,False,1,6.99,9,10
kth,False,1,2.43,5,7
lcs_length,True,1,1.71,9,9
levenshtein,False,1,8.33,6,7
lis,False,1,2.41,8,12
longest_common_subsequence,True,1,1.94,10,10
max_sublist_sum,False,1,1.46,5,6
mergesort,False,1,3.03,1,14
next_palindrome,True,1,3.41,5,5
next_permutation,True,1,2.43,8,8
pascal,True,1,2.01,5,5
possible_change,False,1,1.29,1,10
powerset,False,1,1.2,1,5
quicksort,True,1,1.49,13,13
rpn_eval,True,1,2.76,6,6
shunting_yard,True,1,2.58,6,6
sieve,True,1,1.02,6,6
sqrt,False,1,1.06,5,7
subsequences,True,1,1.55,12,12
to_base,True,1,1.33,10,10
wrap,False,1,1.97,0,5
